aaa,1111,홍길동,Duddan,0196 Kinsman Terrace,70000000
bbb,2222,유관순,Spratling,4665 Eagle Crest Lane,60000000
ccc,3333,이순신,Howkins,9711 Hagan Trail,90000000
bvillage3,8259,Brittney,Village,251 Nova Park,90000000
jtollerton4,5057,Joane,Tollerton,23721 Charing Cross Trail,50000000
bdrinkall5,7642,Benedict,Drinkall,1912 Moose Court,80000000
ejosefer6,3683,Elicia,Josefer,5 Mosinee Parkway,100000000
edornin7,7530,Esteban,Dornin,813 Graedel Lane,60000000
vmcharry8,7205,Viole,McHarry,1774 Eggendart Crossing,80000000
wfleckness9,6557,Wally,Fleckness,8828 Johnson Crossing,60000000
smaultbya,8817,Sandro,Maultby,0665 Delladonna Point,100000000
sjenkersonb,8558,Stanislas,Jenkerson,730 Buell Place,100000000
astemsonc,1302,Artus,Stemson,9837 Riverside Street,80000000
shadkinsd,7819,Sandie,Hadkins,14 Waubesa Drive,80000000
sdambrosioe,6477,Sascha,D'Ambrosio,739 Colorado Place,90000000
gmahadyf,8210,Giraldo,Mahady,722 Acker Place,100000000
emossg,4156,Edd,Moss,34 Holy Cross Plaza,50000000
mdreinanh,7220,Merry,Dreinan,8 Mendota Circle,70000000
sduchani,5369,Sharona,Duchan,010 Russell Way,100000000
tjoannidij,4733,Tito,Joannidi,2 Westport Junction,90000000
